<?xml version="1.0" encoding="UTF-8"?>
<inspections version="1.0" is_locked="false">
  <option name="myName" value="Netty project" />
  <option name="myLocal" value="true" />
  <inspection_tool class="AccessToNonThreadSafeStaticFieldFromInstance" enabled="true" level="WARNING" enabled_by_default="true">
    <option name="nonThreadSafeClasses">
      <value />
    </option>
    <option name="nonThreadSafeTypes" value="" />
  </inspection_tool>
  <inspection_tool class="AndroidDomInspection" enabled="false" level="ERROR" enabled_by_default="false" />
  <inspection_tool class="AndroidElementNotAllowed" enabled="false" level="WARNING" enabled_by_default="false" />
  <inspection_tool class="AndroidLintAdapterViewChildren" enabled="false" level="WARNING" enabled_by_default="false" />
  <inspection_tool class="AndroidLintAlwaysShowAction" enabled="false" level="WARNING" enabled_by_default="false" />
  <inspection_tool class="AndroidLintButtonCase" enabled="false" level="WARNING" enabled_by_default="false" />
  <inspection_tool class="AndroidLintButtonOrder" enabled="false" level="WARNING" enabled_by_default="false" />
  <inspection_tool class="AndroidLintContentDescription" enabled="false" level="WARNING" enabled_by_default="false" />
  <inspection_tool class="AndroidLintDisableBaselineAlignment" enabled="false" level="WARNING" enabled_by_default="false" />
  <inspection_tool class="AndroidLintDrawAllocation" enabled="false" level="WARNING" enabled_by_default="false" />
  <inspection_tool class="AndroidLintDuplicateIds" enabled="false" level="WARNING" enabled_by_default="false" />
  <inspection_tool class="AndroidLintDuplicateIncludedIds" enabled="false" level="WARNING" enabled_by_default="false" />
  <inspection_tool class="AndroidLintEnforceUTF8" enabled="false" level="WARNING" enabled_by_default="false" />
  <inspection_tool class="AndroidLintExportedService" enabled="false" level="WARNING" enabled_by_default="false" />
  <inspection_tool class="AndroidLintExtraText" enabled="false" level="WARNING" enabled_by_default="false" />
  <inspection_tool class="AndroidLintExtraTranslation" enabled="false" level="WARNING" enabled_by_default="false" />
  <inspection_tool class="AndroidLintGifUsage" enabled="false" level="WARNING" enabled_by_default="false" />
  <inspection_tool class="AndroidLintGrantAllUris" enabled="false" level="WARNING" enabled_by_default="false" />
  <inspection_tool class="AndroidLintGridLayout" enabled="false" level="ERROR" enabled_by_default="false" />
  <inspection_tool class="AndroidLintHardcodedDebugMode" enabled="false" level="WARNING" enabled_by_default="false" />
  <inspection_tool class="AndroidLintHardcodedText" enabled="false" level="WARNING" enabled_by_default="false" />
  <inspection_tool class="AndroidLintIconDensities" enabled="false" level="WARNING" enabled_by_default="false" />
  <inspection_tool class="AndroidLintIconDipSize" enabled="false" level="WARNING" enabled_by_default="false" />
  <inspection_tool class="AndroidLintIconDuplicates" enabled="false" level="WARNING" enabled_by_default="false" />
  <inspection_tool class="AndroidLintIconDuplicatesConfig" enabled="false" level="WARNING" enabled_by_default="false" />
  <inspection_tool class="AndroidLintIconLocation" enabled="false" level="WARNING" enabled_by_default="false" />
  <inspection_tool class="AndroidLintIconMissingDensityFolder" enabled="false" level="WARNING" enabled_by_default="false" />
  <inspection_tool class="AndroidLintIconNoDpi" enabled="false" level="WARNING" enabled_by_default="false" />
  <inspection_tool class="AndroidLintInconsistentArrays" enabled="false" level="WARNING" enabled_by_default="false" />
  <inspection_tool class="AndroidLintInefficientWeight" enabled="false" level="WARNING" enabled_by_default="false" />
  <inspection_tool class="AndroidLintLibraryCustomView" enabled="false" level="ERROR" enabled_by_default="false" />
  <inspection_tool class="AndroidLintManifestOrder" enabled="false" level="WARNING" enabled_by_default="false" />
  <inspection_tool class="AndroidLintMergeRootFrame" enabled="false" level="WARNING" enabled_by_default="false" />
  <inspection_tool class="AndroidLintMissingPrefix" enabled="false" level="WARNING" enabled_by_default="false" />
  <inspection_tool class="AndroidLintMissingTranslation" enabled="false" level="ERROR" enabled_by_default="false" />
  <inspection_tool class="AndroidLintMultipleUsesSdk" enabled="false" level="ERROR" enabled_by_default="false" />
  <inspection_tool class="AndroidLintNestedScrolling" enabled="false" level="WARNING" enabled_by_default="false" />
  <inspection_tool class="AndroidLintNestedWeights" enabled="false" level="WARNING" enabled_by_default="false" />
  <inspection_tool class="AndroidLintObsoleteLayoutParam" enabled="false" level="WARNING" enabled_by_default="false" />
  <inspection_tool class="AndroidLintOverdraw" enabled="false" level="WARNING" enabled_by_default="false" />
  <inspection_tool class="AndroidLintPrivateResource" enabled="false" level="ERROR" enabled_by_default="false" />
  <inspection_tool class="AndroidLintProguard" enabled="false" level="ERROR" enabled_by_default="false" />
  <inspection_tool class="AndroidLintProguardSplitConfig" enabled="false" level="WARNING" enabled_by_default="false" />
  <inspection_tool class="AndroidLintPxUsage" enabled="false" level="WARNING" enabled_by_default="false" />
  <inspection_tool class="AndroidLintResourceAsColor" enabled="false" level="ERROR" enabled_by_default="false" />
  <inspection_tool class="AndroidLintScrollViewCount" enabled="false" level="WARNING" enabled_by_default="false" />
  <inspection_tool class="AndroidLintScrollViewSize" enabled="false" level="WARNING" enabled_by_default="false" />
  <inspection_tool class="AndroidLintSdCardPath" enabled="false" level="WARNING" enabled_by_default="false" />
  <inspection_tool class="AndroidLintSparseArray" enabled="false" level="WARNING" enabled_by_default="false" />
  <inspection_tool class="AndroidLintStateListReachable" enabled="false" level="WARNING" enabled_by_default="false" />
  <inspection_tool class="AndroidLintStringFormatCount" enabled="false" level="WARNING" enabled_by_default="false" />
  <inspection_tool class="AndroidLintStringFormatInvalid" enabled="false" level="ERROR" enabled_by_default="false" />
  <inspection_tool class="AndroidLintStringFormatMatches" enabled="false" level="ERROR" enabled_by_default="false" />
  <inspection_tool class="AndroidLintStyleCycle" enabled="false" level="ERROR" enabled_by_default="false" />
  <inspection_tool class="AndroidLintSuspiciousImport" enabled="false" level="WARNING" enabled_by_default="false" />
  <inspection_tool class="AndroidLintTextFields" enabled="false" level="WARNING" enabled_by_default="false" />
  <inspection_tool class="AndroidLintTextViewEdits" enabled="false" level="WARNING" enabled_by_default="false" />
  <inspection_tool class="AndroidLintTooDeepLayout" enabled="false" level="WARNING" enabled_by_default="false" />
  <inspection_tool class="AndroidLintTooManyViews" enabled="false" level="WARNING" enabled_by_default="false" />
  <inspection_tool class="AndroidLintTypographyDashes" enabled="false" level="WARNING" enabled_by_default="false" />
  <inspection_tool class="AndroidLintTypographyEllipsis" enabled="false" level="WARNING" enabled_by_default="false" />
  <inspection_tool class="AndroidLintTypographyFractions" enabled="false" level="WARNING" enabled_by_default="false" />
  <inspection_tool class="AndroidLintTypographyOther" enabled="false" level="WARNING" enabled_by_default="false" />
  <inspection_tool class="AndroidLintUnknownId" enabled="false" level="ERROR" enabled_by_default="false" />
  <inspection_tool class="AndroidLintUnknownIdInLayout" enabled="false" level="WARNING" enabled_by_default="false" />
  <inspection_tool class="AndroidLintUnusedResources" enabled="false" level="WARNING" enabled_by_default="false" />
  <inspection_tool class="AndroidLintUseCompoundDrawables" enabled="false" level="WARNING" enabled_by_default="false" />
  <inspection_tool class="AndroidLintUseValueOf" enabled="false" level="WARNING" enabled_by_default="false" />
  <inspection_tool class="AndroidLintUselessLeaf" enabled="false" level="WARNING" enabled_by_default="false" />
  <inspection_tool class="AndroidLintUselessParent" enabled="false" level="WARNING" enabled_by_default="false" />
  <inspection_tool class="AndroidLintUsesMinSdkAttributes" enabled="false" level="WARNING" enabled_by_default="false" />
  <inspection_tool class="AndroidLintWorldWriteableFiles" enabled="false" level="WARNING" enabled_by_default="false" />
  <inspection_tool class="AndroidLintWrongViewCast" enabled="false" level="ERROR" enabled_by_default="false" />
  <inspection_tool class="AndroidNonConstantResIdsInSwitch" enabled="false" level="ERROR" enabled_by_default="false" />
  <inspection_tool class="AndroidUnknownAttribute" enabled="false" level="WARNING" enabled_by_default="false" />
  <inspection_tool class="Annotator" enabled="false" level="ERROR" enabled_by_default="false" />
  <inspection_tool class="Anonymous2MethodRef" enabled="false" level="WARNING" enabled_by_default="false" />
  <inspection_tool class="AntDuplicateTargetsInspection" enabled="false" level="ERROR" enabled_by_default="false" />
  <inspection_tool class="AntMissingPropertiesFileInspection" enabled="false" level="ERROR" enabled_by_default="false" />
  <inspection_tool class="AntResolveInspection" enabled="false" level="ERROR" enabled_by_default="false" />
  <inspection_tool class="AppEngineForbiddenCode" enabled="false" level="ERROR" enabled_by_default="false" />
  <inspection_tool class="ArchaicSystemPropertyAccess" enabled="true" level="WARNING" enabled_by_default="true" />
  <inspection_tool class="ArrayHashCode" enabled="false" level="WARNING" enabled_by_default="false" />
  <inspection_tool class="ArraysAsListWithZeroOrOneArgument" enabled="true" level="WARNING" enabled_by_default="true" />
  <inspection_tool class="AssertAsName" enabled="true" level="WARNING" enabled_by_default="true" />
  <inspection_tool class="AssertEqualsCalledOnArray" enabled="true" level="WARNING" enabled_by_default="true" />
  <inspection_tool class="AssignmentToDateFieldFromParameter" enabled="true" level="WARNING" enabled_by_default="true">
    <option name="ignorePrivateMethods" value="true" />
  </inspection_tool>
  <inspection_tool class="AssignmentToSuperclassField" enabled="true" level="WARNING" enabled_by_default="true" />
  <inspection_tool class="AwaitNotInLoop" enabled="true" level="WARNING" enabled_by_default="true" />
  <inspection_tool class="BadOddness" enabled="true" level="WARNING" enabled_by_default="true" />
  <inspection_tool class="BeforeClassOrAfterClassIsPublicStaticVoidNoArg" enabled="true" level="WARNING" enabled_by_default="true" />
  <inspection_tool class="BeforeOrAfterIsPublicVoidNoArg" enabled="true" level="WARNING" enabled_by_default="true" />
  <inspection_tool class="BigDecimalEquals" enabled="true" level="WARNING" enabled_by_default="true" />
  <inspection_tool class="BigDecimalLegacyMethod" enabled="true" level="WARNING" enabled_by_default="true" />
  <inspection_tool class="BindingAnnotationWithoutInject" enabled="false" level="WARNING" enabled_by_default="false" />
  <inspection_tool class="BooleanMethodIsAlwaysInverted" enabled="false" level="WARNING" enabled_by_default="false" />
  <inspection_tool class="BoundFieldAssignment" enabled="false" level="WARNING" enabled_by_default="false" />
  <inspection_tool class="BvConfigDomInspection" enabled="false" level="ERROR" enabled_by_default="false" />
  <inspection_tool class="BvConstraintMappingsInspection" enabled="false" level="ERROR" enabled_by_default="false" />
  <inspection_tool class="CStyleArrayDeclaration" enabled="true" level="WARNING" enabled_by_default="true" />
  <inspection_tool class="CachedNumberConstructorCall" enabled="true" level="WARNING" enabled_by_default="true" />
  <inspection_tool class="CallToStringConcatCanBeReplacedByOperator" enabled="true" level="WARNING" enabled_by_default="true" />
  <inspection_tool class="CastConflictsWithInstanceof" enabled="true" level="WARNING" enabled_by_default="true" />
  <inspection_tool class="CastToIncompatibleInterface" enabled="true" level="WARNING" enabled_by_default="true" />
  <inspection_tool class="CdiDecoratorInspection" enabled="false" level="ERROR" enabled_by_default="false" />
  <inspection_tool class="CdiDisposerMethodInspection" enabled="false" level="ERROR" enabled_by_default="false" />
  <inspection_tool class="CdiDomBeans" enabled="false" level="WARNING" enabled_by_default="false" />
  <inspection_tool class="CdiInjectInspection" enabled="false" level="ERROR" enabled_by_default="false" />
  <inspection_tool class="CdiInjectionPointsInspection" enabled="false" level="WARNING" enabled_by_default="false" />
  <inspection_tool class="CdiInterceptorInspection" enabled="false" level="ERROR" enabled_by_default="false" />
  <inspection_tool class="CdiManagedBeanInconsistencyInspection" enabled="false" level="ERROR" enabled_by_default="false" />
  <inspection_tool class="CdiNormalScopeInspection" enabled="false" level="WARNING" enabled_by_default="false" />
  <inspection_tool class="CdiObservesInspection" enabled="false" level="ERROR" enabled_by_default="false" />
  <inspection_tool class="CdiSpecializesInspection" enabled="false" level="ERROR" enabled_by_default="false" />
  <inspection_tool class="CdiStereotypeInspection" enabled="false" level="ERROR" enabled_by_default="false" />
  <inspection_tool class="CdiStereotypeRestrictionsInspection" enabled="false" level="ERROR" enabled_by_default="false" />
  <inspection_tool class="CdiTypedAnnotationInspection" enabled="false" level="ERROR" enabled_by_default="false" />
  <inspection_tool class="CdiUnproxyableBeanTypesInspection" enabled="false" level="ERROR" enabled_by_default="false" />
  <inspection_tool class="ChainedEquality" enabled="true" level="WARNING" enabled_by_default="true" />
  <inspection_tool class="ClassEscapesItsScope" enabled="true" level="WARNING" enabled_by_default="true" />
  <inspection_tool class="ClassInTopLevelPackage" enabled="true" level="WARNING" enabled_by_default="true" />
  <inspection_tool class="ClassMayBeInterface" enabled="true" level="WARNING" enabled_by_default="true" />
  <inspection_tool class="ClassNameDiffersFromFileName" enabled="true" level="WARNING" enabled_by_default="true" />
  <inspection_tool class="ClassNameSameAsAncestorName" enabled="true" level="WARNING" enabled_by_default="true" />
  <inspection_tool class="CloneInNonCloneableClass" enabled="true" level="WARNING" enabled_by_default="true" />
  <inspection_tool class="CloneableImplementsClone" enabled="true" level="WARNING" enabled_by_default="true">
    <option name="m_ignoreCloneableDueToInheritance" value="true" />
  </inspection_tool>
  <inspection_tool class="CodeBlock2Expr" enabled="false" level="WARNING" enabled_by_default="false" />
  <inspection_tool class="CoffeeScriptInfiniteLoop" enabled="false" level="WARNING" enabled_by_default="false" />
  <inspection_tool class="CoffeeScriptSillyAssignment" enabled="false" level="WARNING" enabled_by_default="false" />
  <inspection_tool class="CoffeeScriptSwitchStatementWithNoDefaultBranch" enabled="false" level="WARNING" enabled_by_default="false" />
  <inspection_tool class="CoffeeScriptUnusedLocalSymbols" enabled="false" level="WARNING" enabled_by_default="false" />
  <inspection_tool class="CollectionAddedToSelf" enabled="true" level="WARNING" enabled_by_default="true" />
  <inspection_tool class="CollectionsFieldAccessReplaceableByMethodCall" enabled="true" level="WARNING" enabled_by_default="true" />
  <inspection_tool class="ComparableImplementedButEqualsNotOverridden" enabled="true" level="WARNING" enabled_by_default="true" />
  <inspection_tool class="ComparatorNotSerializable" enabled="true" level="WARNING" enabled_by_default="true" />
  <inspection_tool class="ComparisonOfShortAndChar" enabled="true" level="WARNING" enabled_by_default="true" />
  <inspection_tool class="ComparisonToNaN" enabled="true" level="WARNING" enabled_by_default="true" />
  <inspection_tool class="ComponentNotRegistered" enabled="false" level="WARNING" enabled_by_default="false">
    <option name="CHECK_ACTIONS" value="true" />
    <option name="IGNORE_NON_PUBLIC" value="true" />
  </inspection_tool>
  <inspection_tool class="ComponentRegistrationProblems" enabled="false" level="ERROR" enabled_by_default="false" />
  <inspection_tool class="ConditionalExpressionWithIdenticalBranches" enabled="true" level="WARNING" enabled_by_default="true" />
  <inspection_tool class="ConflictingAnnotations" enabled="false" level="WARNING" enabled_by_default="false" />
  <inspection_tool class="ConfusingElse" enabled="true" level="WARNING" enabled_by_default="true">
    <option name="reportWhenNoStatementFollow" value="false" />
  </inspection_tool>
  <inspection_tool class="ConfusingMainMethod" enabled="true" level="WARNING" enabled_by_default="true" />
  <inspection_tool class="ConstantAssertCondition" enabled="true" level="WARNING" enabled_by_default="true" />
  <inspection_tool class="ConstantConditions" enabled="false" level="WARNING" enabled_by_default="false">
    <option name="SUGGEST_NULLABLE_ANNOTATIONS" value="false" />
    <option name="DONT_REPORT_TRUE_ASSERT_STATEMENTS" value="false" />
  </inspection_tool>
  <inspection_tool class="ConstantJUnitAssertArgument" enabled="true" level="WARNING" enabled_by_default="true" />
  <inspection_tool class="ConstantMathCall" enabled="true" level="WARNING" enabled_by_default="true" />
  <inspection_tool class="ConstantStringIntern" enabled="true" level="WARNING" enabled_by_default="true" />
  <inspection_tool class="ConstantValueVariableUse" enabled="true" level="WARNING" enabled_by_default="true" />
  <inspection_tool class="ConstraintValidatorCreator" enabled="false" level="WARNING" enabled_by_default="false" />
  <inspection_tool class="Contract" enabled="false" level="WARNING" enabled_by_default="false" />
  <inspection_tool class="ControlFlowStatementWithoutBraces" enabled="true" level="WARNING" enabled_by_default="true" />
  <inspection_tool class="Convert2Diamond" enabled="false" level="WARNING" enabled_by_default="false" />
  <inspection_tool class="Convert2Lambda" enabled="false" level="WARNING" enabled_by_default="false" />
  <inspection_tool class="Convert2MethodRef" enabled="false" level="WARNING" enabled_by_default="false" />
  <inspection_tool class="ConvertJavadoc" enabled="true" level="WARNING" enabled_by_default="true" />
  <inspection_tool class="ConvertOldAnnotations" enabled="true" level="WARNING" enabled_by_default="true" />
  <inspection_tool class="CovariantEquals" enabled="true" level="WARNING" enabled_by_default="true" />
  <inspection_tool class="CssInvalidElementInspection" enabled="false" level="ERROR" enabled_by_default="false" />
  <inspection_tool class="CssInvalidHtmlTagReferenceInspection" enabled="false" level="WARNING" enabled_by_default="false" />
  <inspection_tool class="CssInvalidImportInspection" enabled="false" level="WARNING" enabled_by_default="false" />
  <inspection_tool class="CssInvalidShorthandPropertyValue" enabled="false" level="ERROR" enabled_by_default="false" />
  <inspection_tool class="CssNegativeValueInspection" enabled="false" level="ERROR" enabled_by_default="false" />
  <inspection_tool class="CssOptimizeSimilarPropertiesInspection" enabled="false" level="WEAK WARNING" enabled_by_default="false" />
  <inspection_tool class="CssRgbFunction" enabled="false" level="ERROR" enabled_by_default="false" />
  <inspection_tool class="CssRgbFunctionInspection" enabled="false" level="ERROR" enabled_by_default="false" />
  <inspection_tool class="CssUnknownTargetInspection" enabled="false" level="WARNING" enabled_by_default="false" />
  <inspection_tool class="CssUnusedSymbolInspection" enabled="false" level="WARNING" enabled_by_default="false" />
  <inspection_tool class="DefaultNotLastCaseInSwitch" enabled="true" level="WARNING" enabled_by_default="true" />
  <inspection_tool class="Deprecation" enabled="true" level="WARNING" enabled_by_default="true">
    <option name="IGNORE_INSIDE_DEPRECATED" value="true" />
  </inspection_tool>
  <inspection_tool class="DialogTitleCapitalization" enabled="false" level="WARNING" enabled_by_default="false" />
  <inspection_tool class="DivideByZero" enabled="true" level="WARNING" enabled_by_default="true" />
  <inspection_tool class="DollarSignInName" enabled="true" level="WARNING" enabled_by_default="true" />
  <inspection_tool class="DoubleCheckedLocking" enabled="true" level="WARNING" enabled_by_default="true">
    <option name="ignoreOnVolatileVariables" value="true" />
  </inspection_tool>
  <inspection_tool class="DoubleLiteralMayBeFloatLiteral" enabled="true" level="WARNING" enabled_by_default="true" />
  <inspection_tool class="DuplicateBooleanBranch" enabled="true" level="WARNING" enabled_by_default="true" />
  <inspection_tool class="DuplicateCondition" enabled="true" level="WARNING" enabled_by_default="true">
    <option name="ignoreMethodCalls" value="false" />
  </inspection_tool>
  <inspection_tool class="DuplicateMnemonic" enabled="false" level="WARNING" enabled_by_default="false" />
  <inspection_tool class="DuplicatePropertyInspection" enabled="true" level="WARNING" enabled_by_default="true">
    <option name="CURRENT_FILE" value="true" />
    <option name="MODULE_WITH_DEPENDENCIES" value="false" />
    <option name="CHECK_DUPLICATE_VALUES" value="true" />
    <option name="CHECK_DUPLICATE_KEYS" value="true" />
    <option name="CHECK_DUPLICATE_KEYS_WITH_DIFFERENT_VALUES" value="true" />
  </inspection_tool>
  <inspection_tool class="DynamicRegexReplaceableByCompiledPattern" enabled="true" level="WARNING" enabled_by_default="true" />
  <inspection_tool class="ELDeferredExpressionsInspection" enabled="false" level="WARNING" enabled_by_default="false" />
  <inspection_tool class="ELMethodSignatureInspection" enabled="false" level="WARNING" enabled_by_default="false" />
  <inspection_tool class="ELSpecValidationInJSP" enabled="false" level="WARNING" enabled_by_default="false" />
  <inspection_tool class="ELValidationInJSP" enabled="false" level="WARNING" enabled_by_default="false" />
  <inspection_tool class="EjbClassBasicInspection" enabled="false" level="ERROR" enabled_by_default="false" />
  <inspection_tool class="EjbClassWarningsInspection" enabled="false" level="WARNING" enabled_by_default="false" />
  <inspection_tool class="EjbDomInspection" enabled="false" level="ERROR" enabled_by_default="false" />
  <inspection_tool class="EjbEntityClassInspection" enabled="false" level="ERROR" enabled_by_default="false" />
  <inspection_tool class="EjbEntityHomeInspection" enabled="false" level="ERROR" enabled_by_default="false" />
  <inspection_tool class="EjbEntityInterfaceInspection" enabled="false" level="ERROR" enabled_by_default="false" />
  <inspection_tool class="EjbEnvironmentInspection" enabled="false" level="ERROR" enabled_by_default="false" />
  <inspection_tool class="EjbInterceptorInspection" enabled="false" level="ERROR" enabled_by_default="false" />
  <inspection_tool class="EjbInterceptorWarningsInspection" enabled="false" level="WARNING" enabled_by_default="false" />
  <inspection_tool class="EjbInterfaceMethodInspection" enabled="false" level="ERROR" enabled_by_default="false" />
  <inspection_tool class="EjbInterfaceSignatureInspection" enabled="false" level="ERROR" enabled_by_default="false" />
  <inspection_tool class="EjbProhibitedPackageUsageInspection" enabled="false" level="WARNING" enabled_by_default="false" />
  <inspection_tool class="EjbQlInspection" enabled="false" level="ERROR" enabled_by_default="false" />
  <inspection_tool class="EjbRemoteRequirementsInspection" enabled="false" level="ERROR" enabled_by_default="false" />
  <inspection_tool class="EjbSessionHomeInterfaceInspection" enabled="false" level="ERROR" enabled_by_default="false" />
  <inspection_tool class="EjbStaticAccessInspection" enabled="false" level="WARNING" enabled_by_default="false" />
  <inspection_tool class="EjbThisExpressionInspection" enabled="false" level="WARNING" enabled_by_default="false" />
  <inspection_tool class="EmptyInitializer" enabled="true" level="WARNING" enabled_by_default="true" />
  <inspection_tool class="EmptyMethod" enabled="false" level="WARNING" enabled_by_default="false" />
  <inspection_tool class="EmptyStatementBody" enabled="true" level="WARNING" enabled_by_default="true">
    <option name="m_reportEmptyBlocks" value="true" />
    <option name="commentsAreContent" value="true" />
  </inspection_tool>
  <inspection_tool class="EmptyWebServiceClass" enabled="false" level="WARNING" enabled_by_default="false" />
  <inspection_tool class="EnumAsName" enabled="true" level="WARNING" enabled_by_default="true" />
  <inspection_tool class="EnumerationCanBeIteration" enabled="true" level="WARNING" enabled_by_default="true" />
  <inspection_tool class="EqualsAndHashcode" enabled="true" level="WARNING" enabled_by_default="true" />
  <inspection_tool class="EqualsCalledOnEnumConstant" enabled="true" level="WARNING" enabled_by_default="true" />
  <inspection_tool class="ExceptionNameDoesntEndWithException" enabled="true" level="WARNING" enabled_by_default="true" />
  <inspection_tool class="ExpectedExceptionNeverThrown" enabled="true" level="WARNING" enabled_by_default="true" />
  <inspection_tool class="ExpectedExceptionNeverThrownTestNG" enabled="true" level="WARNING" enabled_by_default="true" />
  <inspection_tool class="ExtendsUtilityClass" enabled="true" level="WARNING" enabled_by_default="true">
    <option name="ignoreUtilityClasses" value="true" />
  </inspection_tool>
  <inspection_tool class="ExternalizableWithSerializationMethods" enabled="true" level="WARNING" enabled_by_default="true" />
  <inspection_tool class="FaceletsDetectingInspection" enabled="false" level="WARNING" enabled_by_default="false" />
  <inspection_tool class="FacesModelInspection" enabled="false" level="ERROR" enabled_by_default="false" />
  <inspection_tool class="FallthroughInSwitchStatementJS" enabled="false" level="WARNING" enabled_by_default="false" />
  <inspection_tool class="FieldCanBeLocal" enabled="false" level="WARNING" enabled_by_default="false" />
  <inspection_tool class="FieldMayBeFinal" enabled="true" level="WARNING" enabled_by_default="true" />
  <inspection_tool class="FieldMayBeStatic" enabled="true" level="WARNING" enabled_by_default="true" />
  <inspection_tool class="FileEqualsUsage" enabled="false" level="WARNING" enabled_by_default="false" />
  <inspection_tool class="FinalMethodInFinalClass" enabled="true" level="WARNING" enabled_by_default="true" />
  <inspection_tool class="Finalize" enabled="true" level="WARNING" enabled_by_default="true">
    <option name="ignoreTrivialFinalizers" value="true" />
  </inspection_tool>
  <inspection_tool class="FinalizeNotProtected" enabled="true" level="WARNING" enabled_by_default="true" />
  <inspection_tool class="FloatingPointEquality" enabled="true" level="WARNING" enabled_by_default="true" />
  <inspection_tool class="ForCanBeForeach" enabled="true" level="WARNING" enabled_by_default="true">
    <option name="REPORT_INDEXED_LOOP" value="false" />
    <option name="ignoreUntypedCollections" value="false" />
  </inspection_tool>
  <inspection_tool class="ForLoopReplaceableByWhile" enabled="true" level="WARNING" enabled_by_default="true">
    <option name="m_ignoreLoopsWithoutConditions" value="true" />
  </inspection_tool>
  <inspection_tool class="ForLoopThatDoesntUseLoopVariable" enabled="true" level="WARNING" enabled_by_default="true" />
  <inspection_tool class="FtlCallsInspection" enabled="false" level="ERROR" enabled_by_default="false" />
  <inspection_tool class="FtlDeprecatedBuiltInsInspection" enabled="false" level="WARNING" enabled_by_default="false" />
  <inspection_tool class="FtlFileReferencesInspection" enabled="false" level="ERROR" enabled_by_default="false" />
  <inspection_tool class="FtlImportCallInspection" enabled="false" level="ERROR" enabled_by_default="false" />
  <inspection_tool class="FtlReferencesInspection" enabled="false" level="WARNING" enabled_by_default="false" />
  <inspection_tool class="FtlTypesInspection" enabled="false" level="WARNING" enabled_by_default="false" />
  <inspection_tool class="FtlWellformednessInspection" enabled="false" level="ERROR" enabled_by_default="false" />
  <inspection_tool class="GWTRemoteServiceAsyncCheck" enabled="false" level="ERROR" enabled_by_default="false" />
  <inspection_tool class="GWTStyleCheck" enabled="false" level="ERROR" enabled_by_default="false" />
  <inspection_tool class="GrDeprecatedAPIUsage" enabled="false" level="WARNING" enabled_by_default="false" />
  <inspection_tool class="GrMethodMayBeStatic" enabled="false" level="WARNING" enabled_by_default="false" />
  <inspection_tool class="GrPackage" enabled="false" level="WARNING" enabled_by_default="false" />
  <inspection_tool class="GrReassignedInClosureLocalVar" enabled="false" level="WARNING" enabled_by_default="false" />
  <inspection_tool class="GrUnresolvedAccess" enabled="false" level="WARNING" enabled_by_default="false" />
  <inspection_tool class="GroovyAccessToStaticFieldLockedOnInstance" enabled="false" level="WARNING" enabled_by_default="false" />
  <inspection_tool class="GroovyAccessibility" enabled="false" level="WARNING" enabled_by_default="false" />
  <inspection_tool class="GroovyAssignabilityCheck" enabled="false" level="WARNING" enabled_by_default="false" />
  <inspection_tool class="GroovyConditionalWithIdenticalBranches" enabled="false" level="WARNING" enabled_by_default="false" />
  <inspection_tool class="GroovyConstantConditional" enabled="false" level="WARNING" enabled_by_default="false" />
  <inspection_tool class="GroovyConstantIfStatement" enabled="false" level="WARNING" enabled_by_default="false" />
  <inspection_tool class="GroovyConstructorNamedArguments" enabled="false" level="WARNING" enabled_by_default="false" />
  <inspection_tool class="GroovyDivideByZero" enabled="false" level="WARNING" enabled_by_default="false" />
  <inspection_tool class="GroovyDocCheck" enabled="false" level="ERROR" enabled_by_default="false" />
  <inspection_tool class="GroovyDoubleNegation" enabled="false" level="WARNING" enabled_by_default="false" />
  <inspection_tool class="GroovyDuplicateSwitchBranch" enabled="false" level="WARNING" enabled_by_default="false" />
  <inspection_tool class="GroovyEmptyStatementBody" enabled="false" level="WARNING" enabled_by_default="false" />
  <inspection_tool class="GroovyFallthrough" enabled="false" level="WARNING" enabled_by_default="false" />
  <inspection_tool class="GroovyIfStatementWithIdenticalBranches" enabled="false" level="WARNING" enabled_by_default="false" />
  <inspection_tool class="GroovyInArgumentCheck" enabled="false" level="WARNING" enabled_by_default="false" />
  <inspection_tool class="GroovyInfiniteLoopStatement" enabled="false" level="WARNING" enabled_by_default="false" />
  <inspection_tool class="GroovyInfiniteRecursion" enabled="false" level="WARNING" enabled_by_default="false" />
  <inspection_tool class="GroovyLabeledStatement" enabled="false" level="WARNING" enabled_by_default="false" />
  <inspection_tool class="GroovyMissingReturnStatement" enabled="false" level="WARNING" enabled_by_default="false" />
  <inspection_tool class="GroovyPointlessBoolean" enabled="false" level="WARNING" enabled_by_default="false" />
  <inspection_tool class="GroovyResultOfObjectAllocationIgnored" enabled="false" level="WARNING" enabled_by_default="false" />
  <inspection_tool class="GroovySillyAssignment" enabled="false" level="WARNING" enabled_by_default="false" />
  <inspection_tool class="GroovySingletonAnnotation" enabled="false" level="WARNING" enabled_by_default="false" />
  <inspection_tool class="GroovySynchronizationOnNonFinalField" enabled="false" level="WARNING" enabled_by_default="false" />
  <inspection_tool class="GroovySynchronizationOnVariableInitializedWithLiteral" enabled="false" level="WARNING" enabled_by_default="false" />
  <inspection_tool class="GroovyTrivialConditional" enabled="false" level="WARNING" enabled_by_default="false" />
  <inspection_tool class="GroovyTrivialIf" enabled="false" level="WARNING" enabled_by_default="false" />
  <inspection_tool class="GroovyUncheckedAssignmentOfMemberOfRawType" enabled="false" level="WARNING" enabled_by_default="false" />
  <inspection_tool class="GroovyUnnecessaryContinue" enabled="false" level="WARNING" enabled_by_default="false" />
  <inspection_tool class="GroovyUnnecessaryReturn" enabled="false" level="WARNING" enabled_by_default="false" />
  <inspection_tool class="GroovyUnreachableStatement" enabled="false" level="WARNING" enabled_by_default="false" />
  <inspection_tool class="GroovyUnsynchronizedMethodOverridesSynchronizedMethod" enabled="false" level="WARNING" enabled_by_default="false" />
  <inspection_tool class="GroovyUnusedAssignment" enabled="false" level="WARNING" enabled_by_default="false" />
  <inspection_tool class="GroovyUnusedCatchParameter" enabled="false" level="WARNING" enabled_by_default="false" />
  <inspection_tool class="GroovyUnusedDeclaration" enabled="false" level="WARNING" enabled_by_default="false" />
  <inspection_tool class="GroovyUnusedIncOrDec" enabled="false" level="WARNING" enabled_by_default="false" />
  <inspection_tool class="GroovyVariableNotAssigned" enabled="false" level="WARNING" enabled_by_default="false" />
  <inspection_tool class="GtkPreferredJComboBoxRenderer" enabled="false" level="WARNING" enabled_by_default="false" />
  <inspection_tool class="GwtClientClassFromNonInheritedModule" enabled="false" level="ERROR" enabled_by_default="false" />
  <inspection_tool class="GwtCssResourceErrors" enabled="false" level="ERROR" enabled_by_default="false" />
  <inspection_tool class="GwtDefaultPackageNotRegistered" enabled="false" level="WARNING" enabled_by_default="false" />
  <inspection_tool class="GwtDeprecatedEventListeners" enabled="false" level="WARNING" enabled_by_default="false" />
  <inspection_tool class="GwtDeprecatedPropertyKeyJavadocTag" enabled="false" level="WARNING" enabled_by_default="false" />
  <inspection_tool class="GwtInconsistentI18nInterface" enabled="false" level="ERROR" enabled_by_default="false" />
  <inspection_tool class="GwtInconsistentSerializableClass" enabled="false" level="ERROR" enabled_by_default="false" />
  <inspection_tool class="GwtIncorrectArgumentOfGwtCreateMethod" enabled="false" level="ERROR" enabled_by_default="false" />
  <inspection_tool class="GwtJavaFromJSMethodCalls" enabled="false" level="ERROR" enabled_by_default="false" />
  <inspection_tool class="GwtJavaScriptReferences" enabled="false" level="ERROR" enabled_by_default="false" />
  <inspection_tool class="GwtMethodWithParametersInConstantsInterface" enabled="false" level="ERROR" enabled_by_default="false" />
  <inspection_tool class="GwtObsoleteTypeArgsJavadocTag" enabled="false" level="WARNING" enabled_by_default="false" />
  <inspection_tool class="GwtOverlayTypeRestrictionsViolated" enabled="false" level="ERROR" enabled_by_default="false" />
  <inspection_tool class="GwtServiceNotRegistered" enabled="false" level="ERROR" enabled_by_default="false" />
  <inspection_tool class="GwtSetServiceEntryPointCalls" enabled="false" level="WARNING" enabled_by_default="false" />
  <inspection_tool class="GwtToHtmlReferences" enabled="false" level="ERROR" enabled_by_default="false" />
  <inspection_tool class="GwtUiFieldAssignment" enabled="false" level="WARNING" enabled_by_default="false" />
  <inspection_tool class="GwtUiFieldErrors" enabled="false" level="ERROR" enabled_by_default="false" />
  <inspection_tool class="GwtUiHandlerErrors" enabled="false" level="ERROR" enabled_by_default="false" />
  <inspection_tool class="GwtUiXmlReferences" enabled="false" level="ERROR" enabled_by_default="false" />
  <inspection_tool class="HtmlFormInputWithoutLabel" enabled="false" level="WARNING" enabled_by_default="false" />
  <inspection_tool class="HtmlTagCanBeJavadocTag" enabled="true" level="WARNING" enabled_by_default="true" />
  <inspection_tool class="IfCanBeSwitch" enabled="false" level="WARNING" enabled_by_default="false">
    <option name="minimumBranches" value="3" />
    <option name="suggestIntSwitches" value="false" />
    <option name="suggestEnumSwitches" value="false" />
  </inspection_tool>
  <inspection_tool class="IfStatementWithIdenticalBranches" enabled="true" level="WARNING" enabled_by_default="true" />
  <inspection_tool class="IgnoredJUnitTest" enabled="true" level="WEAK WARNING" enabled_by_default="true" />
  <inspection_tool class="ImplicitlyExposedWebServiceMethods" enabled="false" level="WEAK WARNING" enabled_by_default="false" />
  <inspection_tool class="InconsistentResourceBundle" enabled="false" level="ERROR" enabled_by_default="false">
    <option name="REPORT_MISSING_TRANSLATIONS" value="true" />
    <option name="REPORT_INCONSISTENT_PROPERTIES" value="true" />
    <option name="REPORT_DUPLICATED_PROPERTIES" value="true" />
  </inspection_tool>
  <inspection_tool class="InfiniteLoopStatement" enabled="false" level="WARNING" enabled_by_default="false" />
  <inspection_tool class="InnerClassMayBeStatic" enabled="true" level="WARNING" enabled_by_default="true" />
  <inspection_tool class="InspectionDescriptionNotFoundInspection" enabled="false" level="WARNING" enabled_by_default="false" />
  <inspection_tool class="InspectionMappingConsistency" enabled="false" level="WARNING" enabled_by_default="false" />
  <inspection_tool class="InspectionUsingGrayColors" enabled="false" level="WARNING" enabled_by_default="false" />
  <inspection_tool class="InstanceofIncompatibleInterface" enabled="true" level="WARNING" enabled_by_default="true" />
  <inspection_tool class="InstantiationOfUtilityClass" enabled="true" level="WARNING" enabled_by_default="true" />
  <inspection_tool class="IntLiteralMayBeLongLiteral" enabled="true" level="WARNING" enabled_by_default="true" />
  <inspection_tool class="IntegerDivisionInFloatingPointContext" enabled="true" level="WARNING" enabled_by_default="true" />
  <inspection_tool class="IntentionDescriptionNotFoundInspection" enabled="false" level="WARNING" enabled_by_default="false" />
  <inspection_tool class="InterceptionAnnotationWithoutRuntimeRetention" enabled="false" level="WARNING" enabled_by_default="false" />
  <inspection_tool class="InterfaceMayBeAnnotatedFunctional" enabled="true" level="WARNING" enabled_by_default="true" />
  <inspection_tool class="InvalidImplementedBy" enabled="false" level="WARNING" enabled_by_default="false" />
  <inspection_tool class="InvalidProvidedBy" enabled="false" level="WARNING" enabled_by_default="false" />
  <inspection_tool class="InvalidRequestParameters" enabled="false" level="WARNING" enabled_by_default="false" />
  <inspection_tool class="IteratorHasNextCallsIteratorNext" enabled="true" level="WARNING" enabled_by_default="true" />
  <inspection_tool class="IteratorNextDoesNotThrowNoSuchElementException" enabled="true" level="WARNING" enabled_by_default="true" />
  <inspection_tool class="JSFieldCanBeLocal" enabled="false" level="WARNING" enabled_by_default="false" />
  <inspection_tool class="JSImplicitlyInternalDeclaration" enabled="false" level="WARNING" enabled_by_default="false" />
  <inspection_tool class="JSUntypedDeclaration" enabled="false" level="WARNING" enabled_by_default="false" />
  <inspection_tool class="JUnit3StyleTestMethodInJUnit4Class" enabled="true" level="WARNING" enabled_by_default="true" />
  <inspection_tool class="JUnitDatapoint" enabled="true" level="WARNING" enabled_by_default="true" />
  <inspection_tool class="JUnitRule" enabled="true" level="WARNING" enabled_by_default="true" />
  <inspection_tool class="JUnitTestClassNamingConvention" enabled="true" level="WARNING" enabled_by_default="true">
    <option name="m_regex" value="[A-Z][A-Za-z\d]*(Test|Benchmark|Microbenchmark)[0-9]*" />
    <option name="m_minLength" value="8" />
    <option name="m_maxLength" value="96" />
  </inspection_tool>
  <inspection_tool class="JavaDoc" enabled="true" level="WARNING" enabled_by_default="true">
    <option name="TOP_LEVEL_CLASS_OPTIONS">
      <value>
        <option name="ACCESS_JAVADOC_REQUIRED_FOR" value="none" />
        <option name="REQUIRED_TAGS" value="" />
      </value>
    </option>
    <option name="INNER_CLASS_OPTIONS">
      <value>
        <option name="ACCESS_JAVADOC_REQUIRED_FOR" value="none" />
        <option name="REQUIRED_TAGS" value="" />
      </value>
    </option>
    <option name="METHOD_OPTIONS">
      <value>
        <option name="ACCESS_JAVADOC_REQUIRED_FOR" value="none" />
        <option name="REQUIRED_TAGS" value="@return@param@throws or @exception" />
      </value>
    </option>
    <option name="FIELD_OPTIONS">
      <value>
        <option name="ACCESS_JAVADOC_REQUIRED_FOR" value="none" />
        <option name="REQUIRED_TAGS" value="" />
      </value>
    </option>
    <option name="IGNORE_DEPRECATED" value="false" />
    <option name="IGNORE_JAVADOC_PERIOD" value="true" />
    <option name="IGNORE_DUPLICATED_THROWS" value="false" />
    <option name="IGNORE_POINT_TO_ITSELF" value="true" />
    <option name="myAdditionalJavadocTags" value="apiviz.stereotype, apiviz.landmark, apiviz.category, apiviz.exclude, apiviz.excludeSubtypes, apiviz.inherit, apiviz.uses, apiviz.has, apiviz.owns, apiviz.composedOf" />
  </inspection_tool>
  <inspection_tool class="JavaFxDefaultTag" enabled="false" level="WARNING" enabled_by_default="false" />
  <inspection_tool class="JavaFxUnresolvedFxIdReference" enabled="false" level="WARNING" enabled_by_default="false" />
  <inspection_tool class="JavaFxUnresolvedStyleClassReference" enabled="false" level="WARNING" enabled_by_default="false" />
  <inspection_tool class="JavaFxUnusedImports" enabled="false" level="WARNING" enabled_by_default="false" />
  <inspection_tool class="JavaLangImport" enabled="true" level="WARNING" enabled_by_default="true" />
  <inspection_tool class="JavaeeApplicationDomInspection" enabled="false" level="ERROR" enabled_by_default="false" />
  <inspection_tool class="JpaAttributeMemberSignatureInspection" enabled="false" level="ERROR" enabled_by_default="false" />
  <inspection_tool class="JpaAttributeTypeInspection" enabled="false" level="ERROR" enabled_by_default="false" />
  <inspection_tool class="JpaConfigDomFacetInspection" enabled="false" level="WARNING" enabled_by_default="false" />
  <inspection_tool class="JpaDataSourceORMDomInspection" enabled="false" level="ERROR" enabled_by_default="false" />
  <inspection_tool class="JpaDataSourceORMInspection" enabled="false" level="ERROR" enabled_by_default="false" />
  <inspection_tool class="JpaDomInspection" enabled="false" level="ERROR" enabled_by_default="false" />
  <inspection_tool class="JpaEntityListenerInspection" enabled="false" level="ERROR" enabled_by_default="false" />
  <inspection_tool class="JpaEntityListenerWarningsInspection" enabled="false" level="WARNING" enabled_by_default="false" />
  <inspection_tool class="JpaMissingIdInspection" enabled="false" level="ERROR" enabled_by_default="false" />
  <inspection_tool class="JpaModelReferenceInspection" enabled="false" level="ERROR" enabled_by_default="false" />
  <inspection_tool class="JpaORMDomInspection" enabled="false" level="ERROR" enabled_by_default="false" />
  <inspection_tool class="JpaObjectClassSignatureInspection" enabled="false" level="ERROR" enabled_by_default="false" />
  <inspection_tool class="JpaQlInspection" enabled="false" level="ERROR" enabled_by_default="false" />
  <inspection_tool class="JpaQueryApiInspection" enabled="false" level="ERROR" enabled_by_default="false" />
  <inspection_tool class="JsfJamExtendsClassInconsistencyInspection" enabled="false" level="ERROR" enabled_by_default="false" />
  <inspection_tool class="JsfManagedBeansInconsistencyInspection" enabled="false" level="ERROR" enabled_by_default="false" />
  <inspection_tool class="JspAbsolutePathInspection" enabled="false" level="WARNING" enabled_by_default="false" />
  <inspection_tool class="JspDirectiveInspection" enabled="false" level="ERROR" enabled_by_default="false" />
  <inspection_tool class="JspPropertiesInspection" enabled="false" level="ERROR" enabled_by_default="false" />
  <inspection_tool class="KeySetIterationMayUseEntrySet" enabled="true" level="WARNING" enabled_by_default="true" />
  <inspection_tool class="LengthOneStringInIndexOf" enabled="true" level="WARNING" enabled_by_default="true" />
  <inspection_tool class="LengthOneStringsInConcatenation" enabled="true" level="WARNING" enabled_by_default="true" />
  <inspection_tool class="LessUnresolvedImport" enabled="false" level="WARNING" enabled_by_default="false" />
  <inspection_tool class="LessUnresolvedVariable" enabled="false" level="WARNING" enabled_by_default="false" />
  <inspection_tool class="ListIndexOfReplaceableByContains" enabled="true" level="WARNING" enabled_by_default="true" />
  <inspection_tool class="ListenerMayUseAdapter" enabled="true" level="WARNING" enabled_by_default="true">
    <option name="checkForEmptyMethods" value="true" />
  </inspection_tool>
  <inspection_tool class="LiteralAsArgToStringEquals" enabled="true" level="WARNING" enabled_by_default="true" />
  <inspection_tool class="LoggerInitializedWithForeignClass" enabled="false" level="WARNING" enabled_by_default="false">
    <option name="loggerClassName" value="org.apache.log4j.Logger,org.slf4j.LoggerFactory,org.apache.commons.logging.LogFactory,java.util.logging.Logger" />
    <option name="loggerFactoryMethodName" value="getLogger,getLogger,getLog,getLogger" />
  </inspection_tool>
  <inspection_tool class="LongLiteralsEndingWithLowercaseL" enabled="true" level="WARNING" enabled_by_default="true" />
  <inspection_tool class="LoopConditionNotUpdatedInsideLoop" enabled="true" level="WARNING" enabled_by_default="true">
    <option name="ignoreIterators" value="false" />
  </inspection_tool>
  <inspection_tool class="MagicConstant" enabled="false" level="WARNING" enabled_by_default="false" />
  <inspection_tool class="ManagedBeanClassInspection" enabled="false" level="ERROR" enabled_by_default="false" />
  <inspection_tool class="MapReplaceableByEnumMap" enabled="true" level="WARNING" enabled_by_default="true" />
  <inspection_tool class="MavenModelInspection" enabled="true" level="WARNING" enabled_by_default="true" />
  <inspection_tool class="MethodCanBeVariableArityMethod" enabled="false" level="WARNING" enabled_by_default="false">
    <option name="ignoreByteAndShortArrayParameters" value="true" />
    <option name="ignoreOverridingMethods" value="true" />
    <option name="onlyReportPublicMethods" value="true" />
  </inspection_tool>
  <inspection_tool class="MethodMayBeStatic" enabled="true" level="WARNING" enabled_by_default="true">
    <option name="m_onlyPrivateOrFinal" value="true" />
    <option name="m_ignoreEmptyMethods" value="true" />
  </inspection_tool>
  <inspection_tool class="MethodMayBeSynchronized" enabled="true" level="WARNING" enabled_by_default="true" />
  <inspection_tool class="MethodNameSameAsParentName" enabled="true" level="WARNING" enabled_by_default="true" />
  <inspection_tool class="MethodOnlyUsedFromInnerClass" enabled="true" level="WARNING" enabled_by_default="true">
    <option name="ignoreMethodsAccessedFromAnonymousClass" value="true" />
    <option name="ignoreStaticMethodsFromNonStaticInnerClass" value="true" />
    <option name="onlyReportStaticMethods" value="false" />
  </inspection_tool>
  <inspection_tool class="MethodOverloadsParentMethod" enabled="true" level="WARNING" enabled_by_default="true" />
  <inspection_tool class="MimeType" enabled="false" level="ERROR" enabled_by_default="false" />
  <inspection_tool class="MinMaxValuesInspection" enabled="false" level="WARNING" enabled_by_default="false" />
  <inspection_tool class="MismatchedCollectionQueryUpdate" enabled="false" level="WARNING" enabled_by_default="false">
    <option name="queryNames">
      <value />
    </option>
    <option name="updateNames">
      <value />
    </option>
  </inspection_tool>
  <inspection_tool class="MisorderedAssertEqualsArgumentsTestNG" enabled="true" level="WARNING" enabled_by_default="true" />
  <inspection_tool class="MisorderedAssertEqualsParameters" enabled="true" level="WARNING" enabled_by_default="true" />
  <inspection_tool class="MissingDeprecatedAnnotation" enabled="true" level="WARNING" enabled_by_default="true" />
  <inspection_tool class="MissingMnemonic" enabled="false" level="WARNING" enabled_by_default="false" />
  <inspection_tool class="MissingOverrideAnnotation" enabled="true" level="WARNING" enabled_by_default="true">
    <option name="ignoreObjectMethods" value="false" />
    <option name="ignoreAnonymousClassMethods" value="false" />
  </inspection_tool>
  <inspection_tool class="MissortedModifiers" enabled="true" level="WARNING" enabled_by_default="true">
    <option name="m_requireAnnotationsFirst" value="true" />
  </inspection_tool>
  <inspection_tool class="MisspelledCompareTo" enabled="true" level="WARNING" enabled_by_default="true" />
  <inspection_tool class="MisspelledEquals" enabled="true" level="WARNING" enabled_by_default="true" />
  <inspection_tool class="MisspelledHashcode" enabled="true" level="WARNING" enabled_by_default="true" />
  <inspection_tool class="MisspelledHeader" enabled="false" level="WARNING" enabled_by_default="false" />
  <inspection_tool class="MisspelledSetUp" enabled="true" level="WARNING" enabled_by_default="true" />
  <inspection_tool class="MisspelledTearDown" enabled="true" level="WARNING" enabled_by_default="true" />
  <inspection_tool class="MisspelledToString" enabled="true" level="WARNING" enabled_by_default="true" />
  <inspection_tool class="MultipleBindingAnnotations" enabled="false" level="WARNING" enabled_by_default="false" />
  <inspection_tool class="MultipleExceptionsDeclaredOnTestMethod" enabled="true" level="WARNING" enabled_by_default="true" />
  <inspection_tool class="MultipleInjectedConstructorsForClass" enabled="false" level="WARNING" enabled_by_default="false" />
  <inspection_tool class="MultipleTopLevelClassesInFile" enabled="true" level="WARNING" enabled_by_default="true" />
  <inspection_tool class="MultipleTypedDeclaration" enabled="true" level="WARNING" enabled_by_default="true" />
  <inspection_tool class="NegatedConditionalExpression" enabled="true" level="WARNING" enabled_by_default="true" />
  <inspection_tool class="NegatedEqualityExpression" enabled="true" level="WARNING" enabled_by_default="true" />
  <inspection_tool class="NewInstanceOfSingleton" enabled="false" level="WARNING" enabled_by_default="false" />
  <inspection_tool class="NoButtonGroup" enabled="false" level="WARNING" enabled_by_default="false" />
  <inspection_tool class="NoLabelFor" enabled="false" level="WARNING" enabled_by_default="false" />
  <inspection_tool class="NoScrollPane" enabled="false" level="WARNING" enabled_by_default="false" />
  <inspection_tool class="NonExceptionNameEndsWithException" enabled="true" level="WARNING" enabled_by_default="true" />
  <inspection_tool class="NonFinalFieldInEnum" enabled="true" level="WARNING" enabled_by_default="true" />
  <inspection_tool class="NonFinalStaticVariableUsedInClassInitialization" enabled="true" level="WARNING" enabled_by_default="true" />
  <inspection_tool class="NonFinalUtilityClass" enabled="true" level="WARNING" enabled_by_default="true" />
  <inspection_tool class="NonJREEmulationClassesInClientCode" enabled="false" level="ERROR" enabled_by_default="false" />
  <inspection_tool class="NonJaxWsWebServices" enabled="false" level="WARNING" enabled_by_default="false" />
  <inspection_tool class="NonProtectedConstructorInAbstractClass" enabled="true" level="WARNING" enabled_by_default="true">
    <option name="m_ignoreNonPublicClasses" value="false" />
  </inspection_tool>
  <inspection_tool class="NonSerializableServiceParameters" enabled="false" level="ERROR" enabled_by_default="false" />
  <inspection_tool class="NonSerializableWithSerialVersionUIDField" enabled="true" level="WARNING" enabled_by_default="true" />
  <inspection_tool class="NonSerializableWithSerializationMethods" enabled="true" level="WARNING" enabled_by_default="true" />
  <inspection_tool class="NonThreadSafeLazyInitialization" enabled="true" level="WARNING" enabled_by_default="true" />
  <inspection_tool class="NullArgumentToVariableArgMethod" enabled="false" level="WARNING" enabled_by_default="false" />
  <inspection_tool class="NullThrown" enabled="true" level="WARNING" enabled_by_default="true" />
  <inspection_tool class="NullableProblems" enabled="true" level="WARNING" enabled_by_default="true">
    <option name="REPORT_NULLABLE_METHOD_OVERRIDES_NOTNULL" value="true" />
    <option name="REPORT_NOT_ANNOTATED_METHOD_OVERRIDES_NOTNULL" value="false" />
    <option name="REPORT_NOTNULL_PARAMETER_OVERRIDES_NULLABLE" value="true" />
    <option name="REPORT_NOT_ANNOTATED_PARAMETER_OVERRIDES_NOTNULL" value="true" />
    <option name="REPORT_NOT_ANNOTATED_GETTER" value="true" />
    <option name="REPORT_NOT_ANNOTATED_SETTER_PARAMETER" value="true" />
    <option name="REPORT_ANNOTATION_NOT_PROPAGATED_TO_OVERRIDERS" value="false" />
    <option name="REPORT_NULLS_PASSED_TO_NON_ANNOTATED_METHOD" value="true" />
  </inspection_tool>
  <inspection_tool class="ObsoleteCollection" enabled="true" level="WARNING" enabled_by_default="true">
    <option name="ignoreRequiredObsoleteCollectionTypes" value="true" />
  </inspection_tool>
  <inspection_tool class="OctalAndDecimalIntegersMixed" enabled="true" level="WARNING" enabled_by_default="true" />
  <inspection_tool class="OctalLiteral" enabled="false" level="WARNING" enabled_by_default="false" />
  <inspection_tool class="OneButtonGroup" enabled="false" level="WARNING" enabled_by_default="false" />
  <inspection_tool class="OneWayWebMethod" enabled="false" level="ERROR" enabled_by_default="false" />
  <inspection_tool class="OperationOnCollection" enabled="false" level="WARNING" enabled_by_default="false" />
  <inspection_tool class="OverlyStrongTypeCast" enabled="true" level="WARNING" enabled_by_default="true">
    <option name="ignoreInMatchingInstanceof" value="true" />
  </inspection_tool>
  <inspection_tool class="PackageDotHtmlMayBePackageInfo" enabled="true" level="WARNING" enabled_by_default="true" />
  <inspection_tool class="PackageInfoWithoutPackage" enabled="true" level="WARNING" enabled_by_default="true" />
  <inspection_tool class="ParameterNameDiffersFromOverriddenParameter" enabled="false" level="WARNING" enabled_by_default="false">
    <option name="m_ignoreSingleCharacterNames" value="true" />
    <option name="m_ignoreOverridesOfLibraryMethods" value="true" />
  </inspection_tool>
  <inspection_tool class="ParameterNamingConvention" enabled="true" level="WARNING" enabled_by_default="true">
    <option name="m_regex" value="(?!arg\d)[_a-z][_A-Za-z\d]*" />
    <option name="m_minLength" value="1" />
    <option name="m_maxLength" value="64" />
  </inspection_tool>
  <inspection_tool class="ParameterizedParametersStaticCollection" enabled="true" level="WARNING" enabled_by_default="true" />
  <inspection_tool class="PlayCustomTagNameInspection" enabled="false" level="WARNING" enabled_by_default="false" />
  <inspection_tool class="PlayPropertyInspection" enabled="false" level="WARNING" enabled_by_default="false" />
  <inspection_tool class="PluginXmlValidity" enabled="false" level="ERROR" enabled_by_default="false" />
  <inspection_tool class="PointlessBinding" enabled="false" level="WARNING" enabled_by_default="false" />
  <inspection_tool class="PointlessIndexOfComparison" enabled="true" level="WARNING" enabled_by_default="true" />
  <inspection_tool class="PointlessNullCheck" enabled="true" level="WARNING" enabled_by_default="true" />
  <inspection_tool class="PrimitiveArrayArgumentToVariableArgMethod" enabled="false" level="WARNING" enabled_by_default="false" />
  <inspection_tool class="ProblematicVarargsMethodOverride" enabled="true" level="WARNING" enabled_by_default="true" />
  <inspection_tool class="ProblematicWhitespace" enabled="true" level="WARNING" enabled_by_default="true" />
  <inspection_tool class="ProtectedMemberInFinalClass" enabled="true" level="WARNING" enabled_by_default="true" />
  <inspection_tool class="PublicConstructorInNonPublicClass" enabled="true" level="WARNING" enabled_by_default="true" />
  <inspection_tool class="PublicStaticArrayField" enabled="true" level="WARNING" enabled_by_default="true" />
  <inspection_tool class="RandomDoubleForRandomInteger" enabled="true" level="WARNING" enabled_by_default="true" />
  <inspection_tool class="RawUseOfParameterizedType" enabled="true" level="WARNING" enabled_by_default="true" />
  <inspection_tool class="ReadObjectAndWriteObjectPrivate" enabled="true" level="WARNING" enabled_by_default="true" />
  <inspection_tool class="ReadResolveAndWriteReplaceProtected" enabled="true" level="WARNING" enabled_by_default="true" />
  <inspection_tool class="RedundantFieldInitialization" enabled="true" level="WARNING" enabled_by_default="true" />
  <inspection_tool class="RedundantImplements" enabled="true" level="WARNING" enabled_by_default="true">
    <option name="ignoreSerializable" value="false" />
    <option name="ignoreCloneable" value="false" />
  </inspection_tool>
  <inspection_tool class="RedundantImport" enabled="true" level="WARNING" enabled_by_default="true" />
  <inspection_tool class="RedundantMethodOverride" enabled="true" level="WARNING" enabled_by_default="true" />
  <inspection_tool class="RedundantScopeBinding" enabled="false" level="WARNING" enabled_by_default="false" />
  <inspection_tool class="RedundantStringFormatCall" enabled="true" level="WARNING" enabled_by_default="true" />
  <inspection_tool class="RedundantSuppression" enabled="true" level="WARNING" enabled_by_default="true" />
  <inspection_tool class="RedundantThrows" enabled="false" level="WARNING" enabled_by_default="false" />
  <inspection_tool class="RedundantThrowsDeclaration" enabled="true" level="WARNING" enabled_by_default="true" />
  <inspection_tool class="RedundantToBinding" enabled="false" level="WARNING" enabled_by_default="false" />
  <inspection_tool class="RedundantToProviderBinding" enabled="false" level="WARNING" enabled_by_default="false" />
  <inspection_tool class="ReferencesToClassesFromDefaultPackagesInJSPFile" enabled="false" level="ERROR" enabled_by_default="false" />
  <inspection_tool class="RefusedBequest" enabled="false" level="WARNING" enabled_by_default="false">
    <option name="ignoreEmptySuperMethods" value="true" />
  </inspection_tool>
  <inspection_tool class="ReplaceAllDot" enabled="true" level="WARNING" enabled_by_default="true" />
  <inspection_tool class="ReplaceAssignmentWithOperatorAssignment" enabled="true" level="WARNING" enabled_by_default="true">
    <option name="ignoreLazyOperators" value="false" />
    <option name="ignoreObscureOperators" value="false" />
  </inspection_tool>
  <inspection_tool class="ResultSetIndexZero" enabled="true" level="WARNING" enabled_by_default="true" />
  <inspection_tool class="ReturnOfDateField" enabled="true" level="WARNING" enabled_by_default="true" />
  <inspection_tool class="SamePackageImport" enabled="true" level="WARNING" enabled_by_default="true" />
  <inspection_tool class="SameParameterValue" enabled="false" level="WARNING" enabled_by_default="false" />
  <inspection_tool class="SameReturnValue" enabled="false" level="WARNING" enabled_by_default="false" />
  <inspection_tool class="SbtFileStructure" enabled="false" level="WARNING" enabled_by_default="false" />
  <inspection_tool class="SecondUnsafeCall" enabled="false" level="WARNING" enabled_by_default="false" />
  <inspection_tool class="SelfIncludingJspFiles" enabled="false" level="ERROR" enabled_by_default="false" />
  <inspection_tool class="SerialVersionUIDNotStaticFinal" enabled="true" level="WARNING" enabled_by_default="true" />
  <inspection_tool class="SerializableHasSerialVersionUIDField" enabled="true" level="WARNING" enabled_by_default="true">
    <option name="ignoreAnonymousInnerClasses" value="false" />
    <option name="superClassString" value="" />
  </inspection_tool>
  <inspection_tool class="SerializableWithUnconstructableAncestor" enabled="true" level="WARNING" enabled_by_default="true" />
  <inspection_tool class="ServletWithoutMappingInspection" enabled="false" level="ERROR" enabled_by_default="false" />
  <inspection_tool class="SessionScopedInjectsRequestScoped" enabled="false" level="WARNING" enabled_by_default="false" />
  <inspection_tool class="SetReplaceableByEnumSet" enabled="true" level="WARNING" enabled_by_default="true" />
  <inspection_tool class="SetupCallsSuperSetup" enabled="true" level="WARNING" enabled_by_default="true" />
  <inspection_tool class="SetupIsPublicVoidNoArg" enabled="true" level="WARNING" enabled_by_default="true" />
  <inspection_tool class="SimplifiableAnnotation" enabled="true" level="WARNING" enabled_by_default="true" />
  <inspection_tool class="SimplifiableConditionalExpression" enabled="false" level="WARNING" enabled_by_default="false" />
  <inspection_tool class="SimplifiableEqualsExpression" enabled="true" level="WARNING" enabled_by_default="true" />
  <inspection_tool class="SimplifiableIfStatement" enabled="false" level="WARNING" enabled_by_default="false" />
  <inspection_tool class="SimplifiableJUnitAssertion" enabled="true" level="WARNING" enabled_by_default="true" />
  <inspection_tool class="Since15" enabled="false" level="WARNING" enabled_by_default="false">
    <effectiveLL value="JDK_1_6" />
  </inspection_tool>
  <inspection_tool class="SingletonInjectsScoped" enabled="false" level="WARNING" enabled_by_default="false" />
  <inspection_tool class="SizeReplaceableByIsEmpty" enabled="true" level="WARNING" enabled_by_default="true">
    <option name="ignoredTypes">
      <set>
        <option value="java.lang.AbstractStringBuilder" />
        <option value="java.lang.String" />
      </set>
    </option>
  </inspection_tool>
  <inspection_tool class="SpellCheckingInspection" enabled="false" level="TYPO" enabled_by_default="false">
    <option name="processCode" value="true" />
    <option name="processLiterals" value="true" />
    <option name="processComments" value="true" />
  </inspection_tool>
  <inspection_tool class="SqlAmbiguousColumnInspection" enabled="false" level="WARNING" enabled_by_default="false" />
  <inspection_tool class="SqlDialectInspection" enabled="false" level="WARNING" enabled_by_default="false" />
  <inspection_tool class="SqlIdentifierInspection" enabled="false" level="WARNING" enabled_by_default="false" />
  <inspection_tool class="SqlInsertValuesInspection" enabled="false" level="WARNING" enabled_by_default="false" />
  <inspection_tool class="SqlNoDataSourceInspection" enabled="false" level="WARNING" enabled_by_default="false" />
  <inspection_tool class="SqlResolveInspection" enabled="false" level="WARNING" enabled_by_default="false" />
  <inspection_tool class="StaticCallOnSubclass" enabled="true" level="WARNING" enabled_by_default="true" />
  <inspection_tool class="StaticFieldReferenceOnSubclass" enabled="true" level="WARNING" enabled_by_default="true" />
  <inspection_tool class="StaticInheritance" enabled="true" level="WARNING" enabled_by_default="true" />
  <inspection_tool class="StaticSuite" enabled="true" level="WARNING" enabled_by_default="true" />
  <inspection_tool class="StringBufferReplaceableByString" enabled="false" level="WARNING" enabled_by_default="false" />
  <inspection_tool class="StringBufferToStringInConcatenation" enabled="true" level="WARNING" enabled_by_default="true" />
  <inspection_tool class="StringConcatenationInLoops" enabled="true" level="WARNING" enabled_by_default="true">
    <option name="m_ignoreUnlessAssigned" value="true" />
  </inspection_tool>
  <inspection_tool class="StringConcatenationInsideStringBufferAppend" enabled="false" level="WARNING" enabled_by_default="false" />
  <inspection_tool class="StringEquality" enabled="false" level="WARNING" enabled_by_default="false" />
  <inspection_tool class="StringEqualsEmptyString" enabled="true" level="WARNING" enabled_by_default="true" />
  <inspection_tool class="StringReplaceableByStringBuffer" enabled="true" level="WARNING" enabled_by_default="true">
    <option name="onlyWarnOnLoop" value="true" />
  </inspection_tool>
  <inspection_tool class="SubstringZero" enabled="true" level="WARNING" enabled_by_default="true" />
  <inspection_tool class="SuspiciousArrayCast" enabled="true" level="WARNING" enabled_by_default="true" />
  <inspection_tool class="SuspiciousMethodCalls" enabled="true" level="WARNING" enabled_by_default="true">
    <option name="REPORT_CONVERTIBLE_METHOD_CALLS" value="false" />
  </inspection_tool>
  <inspection_tool class="SwitchStatementWithConfusingDeclaration" enabled="true" level="WARNING" enabled_by_default="true" />
  <inspection_tool class="SynchronizationOnLocalVariableOrMethodParameter" enabled="false" level="WARNING" enabled_by_default="false">
    <option name="reportLocalVariables" value="true" />
    <option name="reportMethodParameters" value="true" />
  </inspection_tool>
  <inspection_tool class="SyntaxError" enabled="false" level="ERROR" enabled_by_default="false" />
  <inspection_tool class="TaglibDomModelInspection" enabled="false" level="ERROR" enabled_by_default="false" />
  <inspection_tool class="TailRecursion" enabled="true" level="WARNING" enabled_by_default="true" />
  <inspection_tool class="TeardownCallsSuperTeardown" enabled="true" level="WARNING" enabled_by_default="true" />
  <inspection_tool class="TeardownIsPublicVoidNoArg" enabled="true" level="WARNING" enabled_by_default="true" />
  <inspection_tool class="TestCaseWithConstructor" enabled="true" level="WARNING" enabled_by_default="true" />
  <inspection_tool class="TestCaseWithNoTestMethods" enabled="true" level="WARNING" enabled_by_default="true">
    <option name="ignoreSupers" value="false" />
  </inspection_tool>
  <inspection_tool class="TestMethodIsPublicVoidNoArg" enabled="true" level="WARNING" enabled_by_default="true" />
  <inspection_tool class="ThreadDumpStack" enabled="true" level="WARNING" enabled_by_default="true" />
  <inspection_tool class="ThreadRun" enabled="true" level="WARNING" enabled_by_default="true" />
  <inspection_tool class="ThreadStartInConstruction" enabled="true" level="WARNING" enabled_by_default="true" />
  <inspection_tool class="ThreadStopSuspendResume" enabled="true" level="WARNING" enabled_by_default="true" />
  <inspection_tool class="ThreadWithDefaultRunMethod" enabled="true" level="WARNING" enabled_by_default="true" />
  <inspection_tool class="ThrowablePrintStackTrace" enabled="true" level="WARNING" enabled_by_default="true" />
  <inspection_tool class="ThrowableResultOfMethodCallIgnored" enabled="false" level="WARNING" enabled_by_default="false" />
  <inspection_tool class="ThrowsRuntimeException" enabled="true" level="WARNING" enabled_by_default="true" />
  <inspection_tool class="TodoComment" enabled="true" level="WEAK WARNING" enabled_by_default="true" />
  <inspection_tool class="TransientFieldInNonSerializableClass" enabled="true" level="WARNING" enabled_by_default="true" />
  <inspection_tool class="TrivialStringConcatenation" enabled="true" level="WARNING" enabled_by_default="true" />
  <inspection_tool class="TryFinallyCanBeTryWithResources" enabled="false" level="WARNING" enabled_by_default="false" />
  <inspection_tool class="TypeParameterExtendsFinalClass" enabled="true" level="WARNING" enabled_by_default="true" />
  <inspection_tool class="UNCHECKED_WARNING" enabled="true" level="WARNING" enabled_by_default="true">
    <option name="IGNORE_UNCHECKED_ASSIGNMENT" value="false" />
    <option name="IGNORE_UNCHECKED_GENERICS_ARRAY_CREATION" value="true" />
    <option name="IGNORE_UNCHECKED_CALL" value="false" />
    <option name="IGNORE_UNCHECKED_CAST" value="false" />
    <option name="IGNORE_UNCHECKED_OVERRIDING" value="false" />
  </inspection_tool>
  <inspection_tool class="UnaryPlus" enabled="true" level="WARNING" enabled_by_default="true" />
  <inspection_tool class="UnconstructableTestCase" enabled="true" level="WARNING" enabled_by_default="true" />
  <inspection_tool class="UndesirableClassUsage" enabled="false" level="WARNING" enabled_by_default="false" />
  <inspection_tool class="UnhandledExceptionInJSP" enabled="false" level="WARNING" enabled_by_default="false" />
  <inspection_tool class="UninstantiableBinding" enabled="false" level="WARNING" enabled_by_default="false" />
  <inspection_tool class="UninstantiableImplementedByClass" enabled="false" level="WARNING" enabled_by_default="false" />
  <inspection_tool class="UninstantiableProvidedByClass" enabled="false" level="WARNING" enabled_by_default="false" />
  <inspection_tool class="UnnecessarilyQualifiedInnerClassAccess" enabled="true" level="WARNING" enabled_by_default="true">
    <option name="ignoreReferencesNeedingImport" value="true" />
  </inspection_tool>
  <inspection_tool class="UnnecessarilyQualifiedStaticUsage" enabled="true" level="WARNING" enabled_by_default="true">
    <option name="m_ignoreStaticFieldAccesses" value="false" />
    <option name="m_ignoreStaticMethodCalls" value="false" />
    <option name="m_ignoreStaticAccessFromStaticContext" value="false" />
  </inspection_tool>
  <inspection_tool class="UnnecessarilyQualifiedStaticallyImportedElement" enabled="true" level="WARNING" enabled_by_default="true" />
  <inspection_tool class="UnnecessaryBoxing" enabled="false" level="WARNING" enabled_by_default="false">
    <option name="onlyReportSuperfluouslyBoxed" value="true" />
  </inspection_tool>
  <inspection_tool class="UnnecessaryCallToStringValueOf" enabled="true" level="WARNING" enabled_by_default="true" />
  <inspection_tool class="UnnecessaryConstantArrayCreationExpression" enabled="true" level="WARNING" enabled_by_default="true" />
  <inspection_tool class="UnnecessaryConstructor" enabled="true" level="WARNING" enabled_by_default="true">
    <option name="ignoreAnnotations" value="true" />
  </inspection_tool>
  <inspection_tool class="UnnecessaryContinue" enabled="false" level="WARNING" enabled_by_default="false" />
  <inspection_tool class="UnnecessaryDefault" enabled="true" level="WARNING" enabled_by_default="true" />
  <inspection_tool class="UnnecessaryEnumModifier" enabled="true" level="WARNING" enabled_by_default="true" />
  <inspection_tool class="UnnecessaryExplicitNumericCast" enabled="true" level="WARNING" enabled_by_default="true" />
  <inspection_tool class="UnnecessaryFinalOnLocalVariableOrParameter" enabled="true" level="WARNING" enabled_by_default="true">
    <option name="onlyWarnOnAbstractMethods" value="true" />
    <option name="reportLocalVariables" value="false" />
  </inspection_tool>
  <inspection_tool class="UnnecessaryFullyQualifiedName" enabled="true" level="WARNING" enabled_by_default="true">
    <option name="m_ignoreJavadoc" value="false" />
  </inspection_tool>
  <inspection_tool class="UnnecessaryInheritDoc" enabled="true" level="WARNING" enabled_by_default="true" />
  <inspection_tool class="UnnecessaryInterfaceModifier" enabled="true" level="WARNING" enabled_by_default="true" />
  <inspection_tool class="UnnecessaryModuleDependencyInspection" enabled="false" level="WARNING" enabled_by_default="false" />
  <inspection_tool class="UnnecessaryParentheses" enabled="true" level="WARNING" enabled_by_default="true">
    <option name="ignoreClarifyingParentheses" value="false" />
    <option name="ignoreParenthesesOnConditionals" value="false" />
    <option name="ignoreParenthesesOnLambdaParameter" value="false" />
  </inspection_tool>
  <inspection_tool class="UnnecessaryQualifierForThis" enabled="true" level="WARNING" enabled_by_default="true" />
  <inspection_tool class="UnnecessaryStaticInjection" enabled="false" level="WARNING" enabled_by_default="false" />
  <inspection_tool class="UnnecessarySuperConstructor" enabled="true" level="WARNING" enabled_by_default="true" />
  <inspection_tool class="UnnecessarySuperQualifier" enabled="true" level="WARNING" enabled_by_default="true" />
  <inspection_tool class="UnnecessaryThis" enabled="true" level="WARNING" enabled_by_default="true" />
  <inspection_tool class="UnnecessaryToStringCall" enabled="true" level="WARNING" enabled_by_default="true" />
  <inspection_tool class="UnnecessaryUnaryMinus" enabled="true" level="WARNING" enabled_by_default="true" />
  <inspection_tool class="UnnecessaryUnboxing" enabled="true" level="WARNING" enabled_by_default="true">
    <option name="onlyReportSuperfluouslyUnboxed" value="true" />
  </inspection_tool>
  <inspection_tool class="UnresolvedPropertyKey" enabled="false" level="ERROR" enabled_by_default="false" />
  <inspection_tool class="UnsafeVfsRecursion" enabled="false" level="WARNING" enabled_by_default="false" />
  <inspection_tool class="UnusedAssignment" enabled="true" level="WARNING" enabled_by_default="true">
    <option name="REPORT_PREFIX_EXPRESSIONS" value="true" />
    <option name="REPORT_POSTFIX_EXPRESSIONS" value="true" />
    <option name="REPORT_REDUNDANT_INITIALIZER" value="true" />
  </inspection_tool>
  <inspection_tool class="UnusedCatchParameter" enabled="true" level="WARNING" enabled_by_default="true">
    <option name="m_ignoreCatchBlocksWithComments" value="true" />
    <option name="m_ignoreTestCases" value="true" />
  </inspection_tool>
  <inspection_tool class="UnusedDeclaration" enabled="false" level="WARNING" enabled_by_default="false">
    <option name="ADD_MAINS_TO_ENTRIES" value="true" />
    <option name="ADD_APPLET_TO_ENTRIES" value="true" />
    <option name="ADD_SERVLET_TO_ENTRIES" value="true" />
    <option name="ADD_NONJAVA_TO_ENTRIES" value="true" />
  </inspection_tool>
  <inspection_tool class="UnusedImport" enabled="true" level="WARNING" enabled_by_default="true" />
  <inspection_tool class="UnusedParameters" enabled="false" level="WARNING" enabled_by_default="false" />
  <inspection_tool class="UnusedReturnValue" enabled="false" level="WARNING" enabled_by_default="false" />
  <inspection_tool class="UpperCaseFieldNameNotConstant" enabled="true" level="WARNING" enabled_by_default="true" />
  <inspection_tool class="UseOfObsoleteAssert" enabled="true" level="WARNING" enabled_by_default="true" />
  <inspection_tool class="UseOfPropertiesAsHashtable" enabled="true" level="WARNING" enabled_by_default="true" />
  <inspection_tool class="UtilityClassWithPublicConstructor" enabled="true" level="WARNING" enabled_by_default="true" />
  <inspection_tool class="UtilityClassWithoutPrivateConstructor" enabled="true" level="WARNING" enabled_by_default="true">
    <option name="ignorableAnnotations">
      <value />
    </option>
    <option name="ignoreClassesWithOnlyMain" value="true" />
  </inspection_tool>
  <inspection_tool class="ValidExternallyBoundObject" enabled="false" level="ERROR" enabled_by_default="false" />
  <inspection_tool class="VtlDirectiveArgsInspection" enabled="false" level="WARNING" enabled_by_default="false" />
  <inspection_tool class="VtlFileReferencesInspection" enabled="false" level="WARNING" enabled_by_default="false" />
  <inspection_tool class="VtlInterpolationsInspection" enabled="false" level="ERROR" enabled_by_default="false" />
  <inspection_tool class="VtlReferencesInspection" enabled="false" level="WARNING" enabled_by_default="false" />
  <inspection_tool class="VtlTypesInspection" enabled="false" level="WARNING" enabled_by_default="false" />
  <inspection_tool class="WSReferenceInspection" enabled="false" level="WARNING" enabled_by_default="false" />
  <inspection_tool class="WaitCalledOnCondition" enabled="true" level="WARNING" enabled_by_default="true" />
  <inspection_tool class="WaitNotInLoop" enabled="true" level="WARNING" enabled_by_default="true" />
  <inspection_tool class="WeakerAccess" enabled="false" level="WARNING" enabled_by_default="false">
    <option name="SUGGEST_PACKAGE_LOCAL_FOR_MEMBERS" value="true" />
    <option name="SUGGEST_PACKAGE_LOCAL_FOR_TOP_CLASSES" value="true" />
    <option name="SUGGEST_PRIVATE_FOR_INNERS" value="false" />
  </inspection_tool>
  <inspection_tool class="WebProperties" enabled="false" level="ERROR" enabled_by_default="false" />
  <inspection_tool class="WebWarnings" enabled="false" level="WARNING" enabled_by_default="false" />
  <inspection_tool class="WsdlHighlightingInspection" enabled="false" level="ERROR" enabled_by_default="false" />
  <inspection_tool class="XmlHighlighting" enabled="false" level="ERROR" enabled_by_default="false" />
  <inspection_tool class="XmlUnboundNsPrefix" enabled="false" level="WARNING" enabled_by_default="false" />
  <inspection_tool class="ZeroLengthArrayInitialization" enabled="true" level="WARNING" enabled_by_default="true" />
  <inspection_tool class="groupsTestNG" enabled="false" level="WARNING" enabled_by_default="false">
    <option name="groups">
      <value>
        <list size="0" />
      </value>
    </option>
  </inspection_tool>
  <inspection_tool class="gwtRawAsyncCallback" enabled="false" level="WARNING" enabled_by_default="false" />
  <inspection_tool class="osmorcClassInDefaultPackage" enabled="false" level="ERROR" enabled_by_default="false" />
  <inspection_tool class="osmorcMissingFinalNewline" enabled="false" level="ERROR" enabled_by_default="false" />
  <inspection_tool class="osmorcMisspelledHeaderName" enabled="false" level="WARNING" enabled_by_default="false" />
  <inspection_tool class="osmorcNonOsgiMavenDependency" enabled="false" level="WARNING" enabled_by_default="false" />
  <inspection_tool class="osmorcUnregisteredActivator" enabled="false" level="ERROR" enabled_by_default="false" />
</inspections>

